売れている動画広告台本例,スタバの時給が5000円に、マクドナルドの時給が3000円に これ、実際にアメリカで起きてること 日本だとバイトで時給5000円なんてありえない そう思ってるあなた、実はそんなことないんです 今、未経験でも、大学生でも、主婦でも AIをうまく使って時給5000円以上を稼いでる方が ちらほらと出てきてるんです しかも自宅で隙間時間で というのも、今、AIの副業案件は急増していて クラウドワークスを見ても ライターの案件数よりもすでに多いんです ライターの案件が1098件に対して AI関連の案件は1377件 AIの案件数の方が ライターの案件数より多いって知ってましたか? それだけ需要が高いのに AIを使える人が全然足りてない でもAIを使うなんて難しそう? と思うかもしれません 実は、大した専門知識は不要で 未経験でも、大学生でも、主婦でもOK いやいや、私になんか無理だよ と思ってる人は ぜひ、自宅から参加できる この無料のウェブセミナーを見てほしい ワールドビジネスサテライトや アベマTVにも出演していて ユーロコング西野さんとYouTubeで対談もしている 生成AI活用普及協会理事がやっている 無料セミナーがすごいんです ど、素人でもAIを使って ゼロから収入を作る方法が たった2時間で分かるんです ゼロから始めてAIで 今月から10万、20万の収入を目指せる方法が 2時間で分かるんです Xでも評判がすごくて これが無料というのが本当に信じられない すごすぎます 有料級の内容 素人にも分かりやすく情報が詰まっていて最高 とりあえず開いた口が塞がらない と同時に 今やらなきゃやばい と焦りが出てきた このセミナー講師は 今まで1万5千人以上に対し AI人材になるためのセミナーを行ってきた AIの専門家 小5でプログラミングに出会い 16歳からAI開発を開始 19歳からフリーランスエンジニアとして キャリアをスタート 22歳で日本初のプログラミングスクールを開校 日本で最も多くのエンジニアを輩出するスクールへ成長 2019年に上場企業へ事業売却 現在は日本で最もAI人材を生み出し 日本をAI先進国にすることをビジョンに掲げ AIスクール シフトAIを運営 累計5万人を前にセミナー登壇 3000名以上のフリーランスを輩出 ウィンドウズのCMにも出演 AIについて発信しているXのフォロワー数は 11万人以上 経済産業省のAI推進メンバーでもあるんです この無料セミナーで学べる3つのこと 時給5000円以上を目指せるAI副業参戦 AIをマスターする前に 副業の仕事を獲得する裏技 ライバルをぶっちぎるAIツール活用法 こんなことが学べます 参加は完全無料だし オンラインで家から参加できるので 変な勧誘を受ける心配もなし 途中で微妙な内容だなと思ったら パソコンやスマホを切ってもらってOK 自宅からオンラインで参加できるので セミナーの途中でも気を使わずに退出できます セミナー中の顔出しももちろんなし でもなぜこんなに有益なセミナーを無料で開催するのか これよく聞かれるそうです それは日本のAI活用が他の先進国と比べ 圧倒的に遅れをとっているから この会社の理念は日本で最もAI人材を生み出し 日本をAI先進国にすることです だから日本の圧倒的なAI遅れを改善すべく 超濃密なセミナーを無料で提供してくれてるんです これ本当に有料級のセミナーです しかもセミナー参加者限定で7大特典がもらえる 無料特典1 初心者でも稼ぎやすいAI副業案件まとめ 無料特典2 AI副業の攻略ロードマップ事例付き 無料特典3 あなたに合ったAI副業診断 無料特典4 画像生成AI初心者ガイドブック 無料特典5 AIライティングマニュアル これAIを使ったライター業で1ヶ月目から月5万の副収入が目指せる内容です 無料特典6 チャットGTPのカスタマイズ GPT図の使い方大全 無料特典7 チャットGTP×Twitter投稿自動生成マニュアル これ全部無料でもらえる セミナーが無料なだけでなく この7つの特典も無料でもらえる これすごすぎませんか 今すぐ動画下の青いボタンをクリックして 無料セミナーを予約をしてください セミナーは毎日開催しています AIを使えないといけない時代はもう来ています 今AIを学んでおいて絶対に損はしません しかも完全無料ですよ しかも自宅から受けれるセミナーなので 家でパソコンかスマホをつけてみるだけです しかもセミナー参加者限定で 7大特典も無料でもらえるんです 今すぐ動画下の青いボタンをクリックして 無料セミナーの予約をしてください AIにあなたの仕事を奪われる時代はもう既に来ています 将来なくなるでのはなく もうどんどんなくなっているんです 実際中国ではAIの影響で イラストレーターの仕事は70%減少 報酬が10分の1に マイクロソフトはニュース記事の作成にAIを導入し 多数の記者を解雇 Googleも営業にAIを導入し 3万人のスタッフをクビにする予定と発表 日本でもAIによる失業は進んでいて 例えばNTTはAIで業務を効率化し 数千人規模の人員を解雇する予定だと去年発表しています あなたがいまいち実感が湧かないなら なおさらこの無料セミナーに参加してみてください 今AIで実際に何が起きているのか分かりますし AIを使って収入を作る方法が解像度高く分かります ゼロから始めてもAIで1ヶ月目から10万20万の収入を目指せる方法が2時間で分かるんです 未経験でも本当に大丈夫です この動画も残り10秒で終了です AI時代の勝ち組になるか負け組になるかは今からの行動次第です まさに今日明日からの行動次第ですよ 日本でAIを正しく学んでる人はまだ少ないので今がチャンス たった2時間無料で家からセミナーを見るだけで 他の人に差をつけられるのでぜひチェックしてみてください 今すぐ動画下のボタンをクリックして無料セミナーの予約をしてください 本当に今からの行動が大事なので 明日の予約が取れるなら絶対明日のセミナーを予約することをお勧めします セミナーは毎日開催しているので AI時代の勝ち組になりたいなら今すぐ行動してください たった2時間無料で家からセミナーを見るだけで 他の人に差をつけられるのでぜひチェックしてみてください しつこいですが最後にもう一言 どうせ予約を取るなら2日後3日後 来週と先延ばしにせずに絶対に明日の予約を今取ってください こういったほんのちょっとしたスピードの差で勝ち組負け組が決まるんです スキルの差ではなくこうしたほんのちょっとした差の積み重ねで 大きな差が生まれるんです 無料で自宅からスマホかパソコンで見るだけなので 明日予約することを本当にお勧めしますよ
売れている動画広告台本例,"チャットGPTが完全体になりました。
ついに動画生成AI、ソラが登場。
あなたは知っていましたか?
今までテキストや画像、プログラミングのコードを作ってくれていたチャットGPTが、
ついに動画まで作れるようになりました。
これも、これも、これも、すべてチャットGPTが作ってくれたんです。
AIの技術ってすごいですよね。
AIはまだ実用的じゃない。使えるレベルじゃない。
もう少し先の話だと言われることもありますが、
私たちの知らないところでAIはすでに実用化されていて、
一部の企業では利益も上げ始めているんです。
例えば、大御茶のCMにはAI美女が使われていますし、
将棋の藤井壮太さんは対局前の練習にAIを使っていると言っていますし、
水穂や三菱UFJなどのメガバンクでもAIを使って業務効率化しています。
では、私たちのようなサラリーマンや主婦、学生、あるいは今働いていなくても、
このAI技術を使って何か新しく始めて収入を作ることはできないのでしょうか。
家にいながら、好きな時に好きな場所で、
AIを使って今の給料に毎月プラス5万円、10万円、
あるいはサラリーマンの月収くらいの収入源を作れたらいいなと思いませんか。
もしあなたがこのAI時代の波に乗りたい、置いていかれたくない、
未経験でも何か副業にできるジャンルを知りたいのであれば、
このシークレットライブセミナー、
AI前世時代のキャリア戦略をあなたのためのものです。
このセミナーでは、まだまだブルーオーシャンな生成AI市場で、
日本人の9割以上が使っていない生成AIを使って収入に変えていく方法を知ることができます。
AIの波はまだ始まったばかり。
未経験でAI人材として活躍するなら今しかない。
そう語るのは、これまで1万5千人以上AI人材になるためのセミナーを行ってきた、
AIの開拓者であり、株式会社シフトAICEOの吉内翔太。
実際でプログラミングに出会い、自分でゲーム作りに没頭する中でAIの可能性を感じ、
16歳からAI開発を開始、19歳からフリーランスエンジニアとしてキャリアをスタート、
自身もプログラミングの仕事をしながら、22歳で日本初のプログラミングスクールを開校、
日本で最も多くのエンジニアを輩出するスクールへ成長させ、
2019年に上場企業へ事業売却。
現在は日本で最もAI人材を生み出し、日本をAI先進国にするオビジョンに掲げ、
AIスクール、シフトAIを運営しています。
また、あのGMOインターネットグループの顧問として7000人の社員にAIの使い方をレクチャーし、
GMOの社長にコンサルティングを行ったり、5万人を前にしてセミナー登壇をしたり、
WindowsのCMにも出演。
AIについて発信しているX、旧Twitterのフォロワー数は9万人以上。
AIの専門家であり、日本最先端の開拓者です。
そんな旧知識がどんどん普及していく中、どうすればAIを使って収入を作れるのか、
あるいは今の仕事にどう活かせるのか、を体系的にあなたへ教えるのが
AI前世時代キャリア戦略シークレットオンラインセミナーです。
本セミナーでは、AIを使って時給5000円以上を狙える3つの副業、
AIをマスターする前に副業案件を取ってしまう方法、
知ってるだけで活躍できるAIツール参戦、など、
ゼロから始めて初月で5万円、
10万円以上の収入を狙う方法がたった2時間でマスターできます。
顔出しなし、メールアドレスと電話番号を入力するだけで参加できます。
もちろんいきなり電話をかけることもありませんし、
無理な売り込みや個別相談に誘導などもありませんので、
安心してご参加ください。
それが参加者93%の高評価にもつながっています。
豪華参加者特典実践もご用意していますので、
今すぐ表示されているリンクをクリックして視聴予約をしてください。
セミナーは今週開催です。"
売れている動画広告台本例,"あなたはチャットGPTがチラシを作ってくれるって知ってましたか?
今、チャットGPTに画像をアップロードして、イラスト風に作って、リアルにして、似たようなものを作って、とたった一言を指示するだけで、こんな画像ができてしまうんです。
これも、これも、これも、全部チャットGPTが作ってくれるんです。
しかも、たった30秒から1分程度出てきてしまいますから驚きです。
それだけではありません。
なんと、こんな風に雑に指示するだけで、ネイルサロンの中客チラシまで作ってくれるんです。
すごいというか、ちょっと怖いところまで失敗してますよね。
今までは、プロのデザイナーにお願いをして納品してもらっても、こっちの画像をちょっと使ってほしい、ここをちょっと修正してほしい、もう少し明るくしてほしい、など、細かい要望を出すと、修正費用を追加で取られたり、納期が2、3日、あるいは1週間遅れるのが当たり前でした。
しかし、AIは体力無限。すぐに返事が返ってきて、納期を気にする必要もありませんから。
今まで1枚3万円から5万円でチラシを作っていたデザイナーやアニメーターやイラストレーターたちは、仕事がなくなってしまうのが現実的になってきました。
あなたはこれを聞いてどう思いましたか?
ちょっと前まで、AIはまだ実用的じゃない、使えるレベルじゃない、もう少し先の話だと言われていましたが、私たちの知らないところで、AIはどんどん進化していて、
AIを使って仕事をする人、AIに仕事を奪われている人、この2つに分かれ始めています。
でも、AIって難しそうですよね。毎日のように新しい情報が出ているけど、リンクをタップしたら、知らない言葉や英語のオーパレード、文字に画像に動画に音楽、何でも作れて何でもできそう。
ちょっとチャットGPTを触ってみようかなと思ってインストールはしてみたけど、これで何をしたらいいのかわからない。
とてもじゃないけど、仕事に使ったり、ましてや副業で仕事を取るなんてできる気がしない。
AIを使える人ってかっこいいな、でも自分にはできそうにない、そう思うのはあなただけではありません。
ほとんどの人がそう思っています。
でも、だからこそチャンスがあると思いませんか。
とはいえ、確かにAIを普通に学ぼうと思ったら大変です。
毎日情報が入ってきますし、その中から使えるAIスキルを独学でマスターするのはしないの技。
YouTubeやインスタ、ツイッターではAIについて発信者も増えてきて、何を信じればいいのかわからないし、
毎日自分でそのツールが使えるかどうかチェックしていたら、時間のお金も無駄になってしまいます。
後でやろうかな、そう思っていたら気づけばどんどん進化していって、もっとついていけなくなってしまう自分がいる。
自分はただの会社員だし、私は主婦だし、僕は学生だし、もうそれなりの年齢だし、何のスキルもないし、
そんな言葉が頭に浮かぶけど、それでも心のどこかでは諦めたくない。
このAI時代に取り残されたくない。置いていかれたくない。
このAI時代の流れは、今までにない大きなものだというのを直感で感じている。
もしあなたがそんな直感を持っているなら、AI時代に取り残されず、誰よりも早く、まだ日本人の9割が使っていないAIトレンドに乗って、
経験でもスキルがなくても経験がなくても、AIを使って新しい収入金を手にしたいのであれば、
このシークレットライブセミナー、AI先生時代のキャリア戦略はあなたのものです。
このセミナーでは、まだまだブルーオーシャンな生成AI市場で、日本人の9割以上が使っていない生成AIを使って、収入に変えていく方法を身につけることができます。
AIの波はまだ始まったばかり。未経験でAI人材として活躍するなら今しかない。
そう語るのは、これまで2万人以上AI人材になるためのセミナーを行ってきた、
AIの開拓者であり、株式会社シフトAI CEOの木内翔太。
実際でプログラミングに出会い、自分でゲーム作りに没頭する中でAIの可能性を感じ、
16歳からAI開発を開始、19歳からフリーランスエンジニアとしてキャリアをスタート。
自身もプログラミングの仕事をしながら、22歳で日本初のプログラミングスクールを開校。
日本で最も多くのエンジニアを輩出するスクールへ成長させ、2019年に上場企業へ事業売却。
現在は日本で最もAI人材を生み出し、日本をAI先進国にするオビジョンに掲げ、
AIスクール、シフトAIを運営しています。
また、あのGMO AI&Web3株式会社のAI活用顧問としてAIの使い方をレクチャーしたり、
5万人を前にしてセミナー登壇をしたり、WindowsのCMにも出演。
AIについて発信しているXのフォロワー数はなんと10万人以上。
一般社団法人生成AI活用普及協会の協議員を務め、
さらに経済産業省のデジタル時代の人材政策に関する検討会にも有識者としてプレゼンを行う、
AIの専門家であり、日本最先端の開拓者です。
そんな窮地が今、AIがどんどん進化して普及していく中、
生成AIの基礎から最新技術までを網羅し、今の仕事にどう活かせるのか、
そして、どうすればAIを使って新しい収入源を作れるのか、
を体系的にあなたへ教えるのが、
AI前世時代キャリア戦略シークレットオンラインセミナーです。
本セミナーでは、AIを使って時給5000円以上を狙える3つの副業、
AIをマスターする前に副業案件を取ってしまう方法、
知ってるだけで活躍できるAIツール参戦、など、
ゼロから始めて初月で5万円、
10万円以上の収入を狙う方法がたった2時間でマスターできます。
顔出しなし、メールアドレスと電話番号を入力するだけで参加できます。
もちろんいきなり電話をかけることもありませんし、
無理な売り込みは個別相談に誘導などもありませんので、
安心してご参加ください。
それが参加者93%の高評価にもつながっています。
すぐに使えるチャットGPTのプロンプト集100選など、
豪華参加者特典を10種類もご用意していますので、
今すぐ表示されているリンクをクリックして視聴予約をしてください。
ご視聴ありがとうございました。"
売れている動画広告台本例,ロゴ制作 マイクロソフトデザイナー アイディア出し ミローAI 翻訳 ディープウェル 画像変換 レクタライザーAI 文章生成 ノーショーAI データ分析 コードインタープリター AIの最新情報を学ぶなら シフトAIの無料セミナー 生成AIを仕事に生かすなら シフトAIの無料セミナー AIを使いこなすためには シフトAIの無料セミナー シフトAIの無料セミナーはここから 詳細見てみてください
売れている動画広告台本例,その仕事本当にあなたがあるべきですか? シフトAIの無料セミナーに参加して2時間で AIの使い方から業務への生かし方、副業の仕方まで一通り学んじゃうことを勧めします 実はこのセミナー、AI国内第一人者のキュウチさんが運営するセミナーで 今なら参加するとプロンクト175銭を含む12台得点がもらえるんです この無料セミナー参加しない手はありません 重い腰を上げて今すぐ申し込んでみてください
売れている動画広告台本例,"これマジで神すぎる
仕事を効率化したい人絶対に見てほしい
実はこのマインドマップ
AIに全部作ってもらいました
例えばこんな感じで入力すると
一瞬のマップが完成
AIが自動でアイデアや幅広い情報をまとめてくれるから
作業効率も大幅にアップ
しかもなんとテキストだけでなく
PDFやウェブサイト
YouTubeや画像
音声にも対応してる
こんな神AIスキルを学べるのは
ここの無料セミナー
たった2時間で最新のAI勉強方法や
仕事で活かせる活用術まで教えてもらえるから
誰でも簡単にAIスキルを身につけられる
今ならすぐに使えるウォーカー特典もついてくるみたいだから
AI使って作業効率アップしたい人
今すぐ無料セミナー予約してみて"
売れている動画広告台本例,"AI副業をしている私がよく聞かれる質問
AI副業って何?
生成AIを使った副業のことです
難しそうですね
簡単って言いたいところなんですが
私はここでやり方を教えてもらいました
Shift AIっていうAIを教えてくれるところで
AI副業で稼ぐロードマップ通りにやったら
本当にできるようになったんですよね
僕学だと難しいかもしれないです
パソコンないとできませんよね
私はスマホだけでやってますよ
電車でもできるし
カフェとか場所を選ばずに副業できるんです
どのAI副業がおすすめですか?
AI副業診断というのがあって
自分にぴったりな副業が分かりますよ
自分に合った副業だと楽しいし
楽しいから募りちゃうのかも
やり方教えてください
LINEを追加するだけです
無料で最新のAI副業の成功事例が分かる
セミナーにも参加できるので
気になる人はLINE追加して
詳細確認してみてください"
売れている動画広告台本例,"この映像実はAIを使って作られたものなんです
まずはTATGTTで作りたい映像のプロンクトを作成
そのままクリングAIにこってしてクリエイトボタンを押すだけ
こんなに臨場感たっぷりの動画に仕上げることもできるんです
他にも漫画やアニメ音楽制作までAIを活用すれば選択肢がぐっと広がります
この無料セミナーではそんなAI活用の基本をわかりやすく解説
受講者向けに豪華AI活用ガイド12台特典も配布中
まずは詳細をサイトでチェック"
売れている動画広告台本例,"これはiPhoneの再来か 2025年2月ソフトバンクが衝撃の発表をしました
それはチャットGPTを開発したオープンAI社と一緒に 新しい会社を作るという発表です
去年の4月に日本法人であるオープンAIジャパン合同会社が 東京新橋の雑居ビルにオフィスを構えてからたったの10ヶ月
ソフトバンクはチャットGPTのオープンAIと SBオープンAIジャパン社を作ると発表
新しい会社では自立型AIを開発して 企業相手に売ることを目的にしているといいます
この自立型AIが完成するとどんなことが起きるのでしょうか
今はAIにメールを作ってとお願いして 作ってもらったメールを私たち人間が送る必要がありますよね
それが自立型AIになるとメールを作って 関係者に送っておいてとお願いすれば
送信完了までしてくれるようになるのです
この新しいAIを導入する企業としない企業で 運営の差が出るようになる
孫正義さんはこれを目指し収益化に向けて 年間4500億円の大金を投資しているわけですね
昔からソフトバンクは行動が早く
iPhoneが出た頃は真っ先にスティーブ・ジョブズのところに行って
うちで売らせてくれと独占販売契約を勝ち取り
携帯市場のシェアを奪っていったのは有名な話ですよね
それと同じように今孫正義さんは AIで価値に行こうと先陣を切ったのです
他にもソフトバンクグループでは AIの研究をする社員に
年間200万円の支援金と週一の有給を取れるようにしたり
AIを使ったスポーツアプリ AIスマートコーチをリリースしたり
改善契約してくれた人に検索AI
パープレキシティを1年間無料にして 最先端でAIを取り入れています
AIの進化ってすごいですよね
AIはまだ実用的じゃない 使えるレベルじゃない
もう少し先の話だと言われることもありますが
私たちの知らないところで AIは既に実用化されたり開発が進んでいて
一部の企業では利益も上げ始めているんです
例えば大御茶のCMには AI美女が使われていますし
将棋の藤井壮太さんは 対局前の練習にAIを使っていると言っていますし
瑞穂や三菱UFJなどのメガバンクでも AIを使って業務効率化しています
では私たちのようなサラリーマンや主婦 学生
あるいは今働いていなくても このAI技術を使って何か新しく始めて
収入を作ることはできないのでしょうか
家にいながら好きな時に好きな場所で AIを使って今の給料に毎月プラス5万円
10万円あるいはサラリーマンの月収くらいの 収入源を作れたらいいなと思いませんか
もしあなたがこのAI時代の波に乗りたい 置いていかれたくない
未経験でも何か副業にできるジャンルを 知りたいのであれば
このシークレットライブセミナー AI前世時代のキャリア戦略をあなたのためのものです
このセミナーではまだまだブルーオーシャンな 生成AI市場で
日本人の9割以上が使っていない生成AIを使って 収入に変えていく方法を知ることができます
AIの波はまだ始まったばかり
未経験でAI人材として活躍するなら今しかない
そう語るのはこれまで2万人以上 AI人材になるためのセミナーを行ってきた
AIの開拓者であり 株式会社シフトAI CEOの吉内翔太
実際でプログラミングに出会い 自分でゲーム作りに没頭する中で
AIの可能性を感じ 16歳からAI開発を開始
19歳からフリーランスエンジニアとして キャリアをスタート
自身もプログラミングの仕事をしながら 22歳で日本初のプログラミングスクールを開校
日本で最も多くのエンジニアを 輩出するスクールへ成長させ
2019年に上場企業へ事業売却
現在は日本で最もAI人材を生み出し 日本をAI先進国にするオビジョンに掲げ
AIスクール シフトAIを運営しています
また あのGMOインターネットのグループ会社である
GMOAI&Web3株式会社のAI活用顧問として AIの使い方をレクチャーしたり
5万人を前にしてセミナー登壇をしたり WindowsのCMにも出演
AIについて発信しているXのフォロワー数は なんと10万人以上
AIの専門家であり 日本最先端の開拓者です
そんな窮地が今 AIがどんどん普及していく中
どうすればAIを使って収入を作れるのか あるいは今の仕事にどう活かせるのか
を体系的にあなたへ教えるのが AI前世時代 キャリア戦略 シークレットオンラインセミナーです
本セミナーでは AIを使って時給5000円以上を狙える3つの副業
AIをマスターする前に副業案件を取ってしまう方法
知ってるだけで活躍できるAIツール参戦 など
ゼロから始めて初月で5万円 10万円以上の収入を狙う方法が
たった2時間でマスターできます 顔出しなしメールアドレスと電話番号を
入力するだけで参加できます もちろんいきなり電話をかけることもありませんし
無理な売り込みや個別相談に誘導などもありませんので 安心してご参加ください
それが参加者93%の高評価にもつながっています
豪華参加者特典実践もご用意していますので
今すぐ表示されているリンクをクリックして 視聴予約をしてください"
売れている動画広告台本例,"先輩先輩ここだけの話 会社に秘密にしていることってあります?
実はさ3ヶ月前くらいから副業始めたんだけど 会社の給料より稼げてるんだよね
え?何の副業始めたんですか? AIを使った副業
なんでAIやってるんですか? 副業いろいろ探したんだけど
ウェブデザインとかはライバルが多いから 今熱そうなAIをやってるって感じ
ぶっちゃけどのぐらい稼いでるんですか? うーん月30万くらい
それだとやっぱり忙しいんですか? いやAIを使ってやってるから
一つの仕事30分くらいで終わるんだ すごいですね独学でやったんですか?
まさかシフトAIのセミナーがきっかけで できるようになったよ
どんな内容だったんですか? AIの使い方から実際に仕事を取るところまで
初心者向けに教えてくれたよ でもそれなりにいい値段したんじゃないですか?
いやそれが無料だったんだよ え?僕もそれ興味あります?
LINE登録して予約するだけで受けられるよ 確かまだ無料だったと思うから
早めに枠を押さえた方がいいかも"
売れている動画広告台本例,"またチャットGPTしか使ってない人、正直時代遅れです。
1つ目はジェミニー。
Googleが開発した最強のAIで、チャットGPTより多くの情報を処理することができ、1時間の動画をたった1分で要約できる。
2つ目はグロック。
Xの最新投稿をもとに鮮度の高い情報を知れて、10分で最新トレンドの収集や分析ができる。
このような最新のAIの情報をどこで入手したらいいか正直わからない人が多い。
そこで、日本最大級のAIコミュニティの無料AIセミナーが現在開催中。
実はこの無料セミナー、AI専門家の木内さんが運営していて、話題のAIの最新情報から仕事への活用術まで教えてくれるから、明日からの仕事が10倍ある。
実際に参加した人からは、具体的なAIの最新情報が聞ける。
セミナーの質が高いとの声が出す。
しかも今だけ参加者限定で、AIツール辞典を含む豪華12大得点がもらえる。
すでに10万人が参加した超人気無料セミナーなので、枠が埋まる前にLINE追加して予約。"
売れている動画広告台本例,"こんなニュース、知ってますか?
AI時代のキャリア戦略セミナー
あの、GMO AI&Web3株式会社のAI活用顧問で
経済産業省のデジタル時代の人材政策に関する検討会にも
有識者としてプレゼンを行うCEOから丸2時間
AIで月10万円の収入源を作る方法を学べて
なんと無料
無料には裏があります
その裏とは
AIを使って仕事をするスキル
別にAIを仕事で使っているわけじゃないのに
なんでそんなスキルを学ぶ必要もあるの?
そう疑問を感じるあなたのために
まずはちょっとしたお話をしましょう
実はほとんどの日本人が知らないAI導入事例
7つの真実があります
あなたはこのうちいくつ知っていますか?
1.大御茶のCMには実在しないAI美女が出ている
2.将棋の藤井壮太は大局前にAIを使って戦略を立てている
3.サイバーエージェントでは30人いたディレクターが
チャットGPTによってゼロに
4.デニムのリーバイスが通販サイトに
AIアバターファッションモデルを起用
5.大林組は生成AIが作ったデザインでビルを設計している
6.サントリーはテレビCMに誰を起用するか
どんな内容にするかもAIに決めさせて放映した
7.パルコの50周年記念広告は
モデルも背景もナレーションも音楽もすべてAIで生成されている
これを聞いてどう思いましたか?
AIはまだ実用的じゃない
使えるレベルじゃない
もう少し先の話だと言われることもありますが
私たちの知らないところでAIはすでに実用化されていて
一部の企業では利益も上げ始めているんです
これからAIやコンピュータがどんどん進化して変わっていく時代に
私たちはどうすればよいのでしょうか
このまま指を加えて眺めることしかできないのでしょうか
これからのキャリアどうしていけばいいのでしょうか
AIに仕事を奪われるのか
AIを使って仕事を取るのか
あなたはどちらがいいですか
もしあなたが会社員を続けながら
あるいはお家で子育てをしながら
AIを使った仕事で収入を手に入れたいと思うなら
このシークレットライブセミナー
AI前世時代のキャリア戦略はあなたのためのものです
このセミナーではまだまだブルーオーシャンな生成AI市場で
日本人の9割以上が使っていない生成AIを使って
収入に変えていく方法を知ることができます
AIの波はまだ始まったばかり
未経験でAI人材として活躍するなら今しかない
そう語るのはこれまで1万5000人以上
AI人材になるためのセミナーを行ってきた
AIの開拓者であり
株式会社シフトAICEOの吉内翔太
実際でプログラミングに出会い
自分でゲーム作りに没頭する中でAIの可能性を感じ
16歳からAI開発を開始
19歳からフリーランスエンジニアとしてキャリアをスタート
自身もプログラミングの仕事をしながら
22歳で日本初のプログラミングスクールを開校
日本で最も多くのエンジニアを輩出するスクールへ成長させ
2019年に上場企業へ事業売却
現在は日本で最もAI人材を生み出し
日本をAI先進国にするオビジョンに掲げ
AIスクールシフトAIを運営しています
またあのGMOインターネットグループ会社である
GMOAI&Web3株式会社のAI活用顧問として
AIの使い方をレクチャーしたり
5万人を前にしてセミナー登壇をしたり
WindowsのCMにも出演
AIについて発信しているXのフォロワー数は
なんと10万人以上
AIの専門家であり日本最先端の開拓者です
そんな窮地が今
AIがどんどん普及していく中
どうすればAIを使って収入を作れるのか
あるいは今の仕事にどう活かせるのか
を体系的にあなたへ教えるのが
AI全盛時代キャリア戦略シークレットオンラインセミナーです
本セミナーでは
AIを使って時給5000円以上を狙える3つの副業
AIをマスターする前に副業案件を取ってしまう方法
知ってるだけで活躍できるAIツール参戦
などゼロから始めて初月で5万円
10万円以上の収入を狙う方法が
たった2時間でマスターできます
Webセミナー
AI時代のキャリア戦略の参加料が無料という
その裏は何でしょうか
AIについてのWebセミナーというと
大体録画を流しているだけのケースや
社長が登壇していないケースばかりです
しかしこのセミナーは違います
社長が生で登壇してセミナーを行います
AIとはそもそも何なのか
といった基礎的な内容から
どうすればAIを使って収入を作れるのか
あるいは今の仕事にどう活かせるのか
ゼロから体系的にあなたへ教えてくれます
毎回セミナーは最新情報を入れてアップデートしていますから
本音を言えば安売りはおろか
無料では開催したくないセミナーです
しかし今回は無料で開催します
もちろん無料なのには裏があります
一つは私たちが運営しているAIスクール
SHIFT AIに10人中1人でも参加してくれたらいいなと思っているからです
SHIFT AIでは今の仕事を辞めずにリスクを取らず
在宅でもカフェでも毎月5万円
10万円以上の収入を作るためのノウハウを全て学べるコミュニティ
ここに興味を持ってくれたらいいなと思っています
二つ目は私たちの仲間を探しているからです
最近はAIがどんどん進化していて
仕事もあふれ返っている状態でチャンスばかりです
ですから私たちも
ああいい人がいればこの仕事任せたいのにな
と思っているのですがなかなか追いつきません
そこで私たちと関わってくれた人の中から
いいなと思った人には一緒に仕事をしたいと考えています
これがこのセミナーを無料でご招待する裏の理由です
ウェブセミナー
AI時代のキャリア戦略は顔出しなし
メールアドレスと電話番号を入力するだけで参加できます
もちろんいきなり電話をかけることもありませんし
無理な売り込みは個別相談に誘導などもありませんので
安心してご参加ください
それが参加者93%の高評価にもつながっています
豪華参加者特典実践もご用意していますので
今すぐ表示されているリンクをクリックして
視聴予約をしてください"
売れている動画広告台本例,"会社に秘密にしていることを教えてください
副業を始めて5ヶ月くらいなんですけど
会社員よりも稼げていることですかね
すごいですね
何の副業を始めたんですか
AIを使った副業です
なんでAIやろうと思ったんですか
副業いろいろ探したんですけど
ウェブデザイナーはもうライバルが多くて
今熱そうなAIをやってるって感じです
ぶっちゃけどのくらい稼げてます
30万くらいです
それだと忙しかったりするんじゃないですか
AIを使っているので一つのお仕事を30分くらいで終わります
独学でやったんですか
まさか
シェストAIっていうセミナーがきっかけでできるようになりました
どんな内容だったんですか
AIの使い方から実際に仕事を取る方法までを
初心者に向けて教えてくれました
それなりにいい値段したんじゃないですか
それが無料だったんですよ
僕も興味あります
LINEを登録して予約するだけでセミナーを受けられますよ
確かまだ無料でやってたと思うので
枠が埋まる前に早めに予約してみてください"
売れている動画広告台本例,え?まだ自分で動画作ってるんですか? 2025年おすすめ動画生成AI参戦 どれもスマホ一台でできるし お金もかからないから誰でも簡単に使える アニメや実写 SNSでよく流れてくる不思議な動画も無料で一瞬で作れちゃうから 今よりもっとSNSを楽しみたい人は絶対見てね 第3位 パイルオAI このAIは2Dイラストの動画化の質がとにかく高い 自然すぎてマジでビビった 他にもこんな感じの不思議な動画も一瞬で作れる 第2位 空 画像を爆発させたり溶かしたりもやりたい放題のAI SNSで人気のこんな感じの動画も簡単に作れちゃいます 第1位 関栄 これは写真の中の人を喋らすAI こんな感じで昔の偉人を喋らしたり あなたの懐かしい家族写真を喋らすこともできる 細かな顔の動きまで違和感なく完璧に作れるので SNSでバズり動画を連発できます こういうAI活用は収益化にも繋がってくるから 知っているか知らないかで今後の生活が大きく変わってくる ちなみに僕はこのAI無料セミナーに参加したおかげで AI活用術を学べた AI興味ある人は試しに参加してみて
売れている動画広告台本例,"もしかしてまだ使ってないの?
仕事を効率化したい人絶対に見てほしい
実はこのマインドマップ
AIに全部作ってもらいました
例えばこんな感じで入力すると
一瞬でマップが完成
AIが自動でアイディアや幅広い情報をまとめてくれるから
作業効率も大幅にアップ
しかもなんと
テキストだけでなく
PDFやウェブサイト、YouTubeや画像、音声にも対応してる
こんな神AIスキルを学べるのは
ここの無料セミナー
たった2時間で最新のAI勉強方法や
仕事で活かせる活用術まで教えてもらえるから
誰でも簡単にAIスキルを身につけられる
今ならすぐに使えるウォーカー特典もついてくるみたいだから
AI使って作業効率アップしたい人
今すぐ無料セミナー予約してみて"
売れている動画広告台本例,あなたの仕事10年後も残っているでしょうか AIの進化はもう止まりません すでに世界中で人間の仕事が消え続けています 気づかないうちにAIはあなたの仕事を覚え 代わりをこなす準備を始めています あなたはAIと競争して勝てますか スーパーの無人レジ24時間文句も言わずに働く AIチャットボットがコールセンターを選挙 たったの0.2秒で翻訳が完了する自動翻訳ツール これは未来の話ではありません 今日すでに始まっている現実です もう一度言います あなたはAIと競争して勝てますか ソフトバンクAI半導体市場に本格参入 1兆円規模で買収 一銀によると日本の金融機関3割がAIを使用していることが判明 世界企業の41% 2030年までにAIによって人員削減の意向表明 アメリカのIBMでもリストラの波が 人事などのバックオフィス部門の7800人の業務を AIに置き換えるとCEOが語る この波に飲まれたらあなたの職業は終わります データ入力 カスタマーサポート 事務職 経理 ライター 倉庫管理 工場作業 今あなたがしている仕事はこのリストに載っていませんか AIは文句も言わず疲れも知らず 圧倒的なスピードで仕事をこなします 関係ないと思ったあなた それが一番危険です ある日突然仕事を失う そんな時代がもうすぐそこまで来ています AIを使えない人は AIを使えますか 消え 使えません 職を失う そしてAIを使いこなす人だけが生き残る 企業が人間よりもAIを選ぶのはもはや時間の問題です 生き残るにはただ一つ AIを使いこなすスキルを身につけること 今AIを使いこなせる人は 年収を上げ自由な時間を増やしています でもAIって難しそうですよね 毎日のように新しい情報が出ているけど リンクをタップしたら 英語や中国語のオンパレード 文字に画像に動画に音楽 何でも作れて何でもできそう でも自分は新しい情報に追いついて それを仕事に使ったり 副業にするなんてできる気がしない AIを使えるようになった方がいいよな でも自分にはできそうにない そう思うのはあなただけではありません ほとんどの人がそう思っています でもだからこそチャンスがあると思いませんか こはいえ確かに AIを普通に学ぼうと思ったら大変です 私は主婦だし 自分はただの会社員だし 僕は学生だし もうそれなりの年齢だし 何のスキルもないし そんな言葉が頭には浮かぶけど それでも心のどこかでは諦めたくはない このAI時代に取り残されたくはない 置いていかれたくはない AIを使って 自分自身の業務効率をアップさせ 副業にも活用し練習をアップさせていきたいのであれば このシークレットライブセミナーをおすすめします シフトAIの無料セミナーは まだまだブルーオーシャンな生成AI市場で 日本人の9割以上がまだ使っていない 誰でも今すぐ使えるAIスキルをたった2時間で習得できます AIスキルを身につけると シャットGPTを使えば 文章を作成の時間が50%短縮 ザピアーを使えばルーチン業務がゼロに あなたはどちらの未来を選びますか あなたが今学ぶか学ばないかで 未来は大きく変わります AIの専門家であり 日本最先端の開拓者である シフトAI CEOのキューチ そんなキューチが今 AIがどんどん普及していく中 どうやったら AIを使って収入を増やせるのか あるいは今の仕事に活かせるのか を体系的にあなたに教えるのが AI前世時代 キャリア戦略シークレットオンラインセミナーです 本セミナーでは チャットGPTの活用法 データ分析の自動化 マーケティングのAI活用 業務の自動化スクリプト作成 AIを活用して業務を効率化し 副業や本業で稼ぐスキルを学べます チャットGPTで 仕事のスピードが2倍になった 副業で月10万円稼げるようになった すでに2万人以上が受講し 満足度93%以上 あなたも今すぐAIスキルを手に入れませんか 未来を変えるのは今のあなたの選択です 下のリンクをクリックして 今すぐ無料セミナーに参加
売れている動画広告台本例,話題のAI復帰を始めて3ヶ月 感想ぶっちゃけます 結論 マジでいい 私が復業未経験から始めるなら 絶対にAI復帰をやります 復業レベルのAIスキルなら たった10時間で身についちゃう なのにAI使いこなすのは難しいって人が多いから マジでライバルが少ないの おかげで知識0だった私でも 会社員の給料を超えちゃいました そんなAIスキルを学べるのが シフトAIってところ 私はここでAIの使い方から仕事の取り方までを 初心者向けに教えてもらった AIのおかげで一つのお仕事が 30分ぐらいで終わるから 本業が忙しい私でも 復業を続けられてる ただ私もどのAI復業が 自分に合うのか分からなかった だからシフトAIがやってる AI復業診断を受けてみた 自分にぴったりな復業を 選んでもらったから 毎日楽しくやれてる 自分に合ったAI復業が分からない そんな人はLINEを追加するだけで AI復業診断を受けられて 無料でAI復業の成功事例が分かる セミナーにも参加できるから LINE追加して詳細を確認してみて
売れている動画広告台本例,8時間かかる仕事がAIで30分で終わる時代に 実はもうAIを使いこなせる人と使えない人の生産性に10倍差がついてます でもAIって難しそうで自分で勉強するのは面倒じゃないですか なので街でAI使って仕事楽にしたい人はこのセミナー無料で参加できるので行ってください たったに時間でAIの使い方から月10万稼ぐ方法とかもしれるんで控えめに言って紙です 実際にこの無料セミナーに参加した人の中には4ヶ月で月収100万とか 約1ヶ月で250万稼いでる人もいます 実はこれキングコング西野さんも認めたいAI専門家のキュウチさんが運営してるセミナーで キュウチさんの2号AI先進国にという思いから今だけ完全無料らしいです しかも今だけ参加者限定でチャットGPT大全などの方が重大得点がもらえるんで 明日から仕事楽にできちゃいます オンラインで顔出し不要なので誰でも気軽に参加できます 枠が埋まったら即終了なのでAI日につけたい人は今すぐに追加して 無料セミナー予約したらいいんじゃないですか
売れている動画広告台本例,"とうとうチャットGPTが完全体になりました
ついに動画生成AI
ソラが登場
あなたは知っていましたか?
今までテキストや画像
プログラミングのコードを作ってくれていたチャットGPTが
ついに動画まで作れるようになってしまいました
これも
これも
これも
すべて
チャットGPTが作ってくれたんです
しかも
たったの1分で動画を作ってくれるんですから
驚きです
チャットGPTのソラの登場によって
広告の動画素材を1素材3万円から4万円販売していた会社や
年間15万円以上支払うことで使えていた動画生成AI会社
などは一気に仕事を奪われますから
たまったものじゃありません
AIの技術ってすごいですよね
AIはまだ実用的じゃない
使えるレベルじゃない
もう少し先の話だと言われることもありますが
私たちの知らないところでAIはすでに実用化されていて
一部の企業では利益も上げ始めているんです
例えば
大いお茶のCMにはAI美女が使われていますし
将棋の藤井壮太さんは
対局前の練習にAIを使っていると言っていますし
水穂や三菱UFJなどのメガバンクでも
AIを使って業務効率化しています
では私たちのようなサラリーマンや主婦
学生あるいは今働いていなくても
このAI技術を使って何か新しく始めて
収入を作ることはできないのでしょうか
家にいながら好きな時に好きな場所で
AIを使って今の給料に毎月プラス5万円
10万円あるいはサラリーマンの月収くらいの
収入源を作れたらいいなと思いませんか
もしあなたがこのAI時代の波に乗りたい
置いていかれたくない
未経験でも何か副業にできるジャンルを知りたいのであれば
このシークレットライブセミナー
AI前世時代のキャリア戦略はあなたのためのものです
このセミナーでは
まだまだブルーオーシャンな生成AI市場で
日本人の9割以上が使っていない生成AIを使って
収入に変えていく方法を知ることができます
AIの波はまだ始まったばかり
未経験でAI人材として活躍するなら今しかない
そう語るのは
これまで1万5000人以上へAI人材になるための
セミナーを行ってきた
AIの開拓者であり
株式会社シフトAICEOの吉内翔太
実際でプログラミングに出会い
自分でゲーム作りに没頭する中で
AIの可能性を感じ
16歳からAI開発を開始
19歳からフリーランスエンジニアとしてキャリアをスタート
自身もプログラミングの仕事をしながら
22歳で日本初のプログラミングスクールを開校
日本で最も多くのエンジニアを輩出するスクールへ成長させ
2019年に上場企業へ事業売却
現在は日本で最もAI人材を生み出し
日本をAI先進国にするオビジョンに掲げ
AIスクールシフトAIを運営しています
またあのGMOAI
WEB3株式会社のAI活用顧問として
AIの使い方をレクチャーしたり
5万人を前にしてセミナー登壇をしたり
WindowsのCMにも出演
AIについて発信しているXのフォロワー数は
なんと10万人以上
AIの専門家であり
日本最先端の開拓者です
そんな窮地が今
AIがどんどん普及していく中
どうすればAIを使って収入を作れるのか
あるいは今の仕事にどう活かせるのか
を体系的にあなたへ教えるのが
AI前世時代キャリア戦略シークレットオンラインセミナーです
本セミナーでは
AIを使って時給5000円以上を狙える3つの副業
AIをマスターする前に副業案件を取ってしまう方法
知ってるだけで活躍できるAIツール参戦
などゼロから始めて初月で5万円
10万円以上の収入を狙う方法が
たった2時間でマスターできます
顔出しなし
メールアドレスと電話番号を入力するだけで参加できます
もちろんいきなり電話をかけることもありませんし
無理な売り込みは個別相談に誘導などもありませんので
安心してご参加ください
それが参加者93%の高評価にもつながっています
豪華参加者特典実践もご用意していますので
今すぐ表示されているリンクをクリックして
視聴予約をしてください"
売れている動画広告台本例,"2025年、ついに動画生成AI、Vidga 2.0へ進化。
あなたは知っていましたか?
これも、これも、これも、全部AIが作ってくれるんです。
クオリティ高いですよね。
日本語で、「こんな動画を作って。」と打ったり、
画像を入れるだけで動画にしてくれて、
まるで現実で起きているような動画に、
こんな動画が、たった10秒から20秒で出来上がってしまうんです。
このハイクオリティと高速スピードなら、
YouTube動画やTikTok、インスタ、広告などいろんな動画で使えそうですよね。
さらにはコストも安くなっていて、
進化したVidga 2.0ではこんな動画が、
1動画たったの5円から6円で作れてしまう。
5円から6円ですよ。
動画はコストが高いと言われていたのに、
今や上手い棒の半分の値段で動画が作れてしまう。
これまで、生成AIが作る動画は出来上がるまでどんな動画が出来上がるか分からないため、
何度かトライする必要がありました。
ですから、使える動画が出てくるまで何度もコストを支払う必要があり、
資金のある会社や大企業でないと使いこなせないのではないか、と言われていましたが、
Vidga 2.0は4秒動画を作るコストが、たった5円から6円に圧縮。
これなら私たち一般人でも手に届く値段ですよね。
Vidgaの進化によって、
広告の動画素材を1素材3万円から4万円で販売していた会社や、
年間15万円以上支払うことで使えていた動画生成AI会社などは一気に仕事を奪われる可能性も出てきますから、
たまったものじゃありません。
AIの技術ってすごいですよね。
AIはまだ実用的じゃない、使えるレベルじゃない、
もう少し先の話だと言われることもありますが、
私たちの知らないところでAIはすでに実用化されていて、
一部の企業では利益も上げ始めているんです。
例えば、大いお茶のCMにはAI美女が使われていますし、
将棋の藤井壮太さんは対局前の練習にAIを使っていると言っていますし、
水穂や三菱UFJなどのメガバンクでもAIを使って業務効率化しています。
では、私たちのようなサラリーマンや主婦、学生、あるいは今働いていなくても、
このAI技術を使って何か新しく始めて収入を作ることはできないのでしょうか。
家にいながら、好きな時に好きな場所で、
AIを使って今の給料に毎月プラス5万円、10万円、
あるいはサラリーマンの月収くらいの収入源を作れたらいいなと思いませんか。
もしあなたがこのAI時代の波に乗りたい、
置いていかれたくない、未経験でも何か副業にできるジャンルを知りたいのであれば、
このシークレットライブセミナー、
AI前世時代のキャリア戦略はあなたのためのものです。
このセミナーでは、まだまだブルーオーシャンな生成AI市場で、
日本人の9割以上が使っていない生成AIを使って収入に変えていく方法を知ることができます。
AIの波はまだ始まったばかり。
未経験でAI人材として活躍するなら今しかない。
そう語るのは、これまで1万5千人以上へAI人材になるためのセミナーを行ってきた、
AIの開拓者であり、株式会社シフトAICEOの吉内翔太。
実際でプログラミングに出会い、自分でゲーム作りに没頭する中でAIの可能性を感じ、
16歳からAI開発を開始、19歳からフリーランスエンジニアとしてキャリアをスタート。
自身もプログラミングの仕事をしながら、22歳で日本初のプログラミングスクールを開校。
日本で最も多くのエンジニアを輩出するスクールへ成長させ、
2019年に上場企業へ事業売却。
現在は日本で最もAI人材を生み出し、
日本をAI先進国にするオビジョンに掲げ、AIスクール、シフトAIを運営しています。
また、あのGMOAI、WEB3株式会社のAI活用顧問としてAIの使い方をレクチャーしたり、
5万人を前にしてセミナー登壇をしたり、WindowsのCMにも出演。
AIについて発信しているXのフォロワー数はなんと10万人以上。
AIの専門家であり、日本最先端の開拓者です。
そんな窮地が今、AIがどんどん普及していく中、
どうすればAIを使って収入を作れるのか、
あるいは今の仕事にどう活かせるのか、
を体系的にあなたへ教えるのが、
AI全盛時代キャリア戦略シークレットオンラインセミナーです。
本セミナーでは、AIを使って時給5000円以上を狙える3つの副業、
AIをマスターする前に副業案件を取ってしまう方法、
知ってるだけで活躍できるAIツール参戦、
など、ゼロから始めて初月で5万円、
10万円以上の収入を狙う方法がたった2時間でマスターできます。
顔出しなし、メールアドレスと電話番号を入力するだけで参加できます。
もちろんいきなり電話をかけることもありませんし、
無理な売り込みは個別相談に誘導などもありませんので、
安心してご参加ください。
それが参加者93%の高評価にもつながっています。
豪華参加者特典実践もご用意していますので、
今すぐ表示されているリンクをクリックして、
視聴予約をしてください。"
売れている動画広告台本例,"この資料作るのに3時間もかかったの?
こんなの5分で終わるから
先輩先輩
先輩ってめっちゃ仕事できるじゃないですか
このプレゼン資料ってどれくらいで作ったんですか?
うーんこれは7分かな
7分?どうやってこの量を7分で作ったんですか?
それはガンマを使ったからね
このAIはスライド作成に特化してて
テキストを入れるだけで一瞬でスライドができるよ
マジっすか?じゃあ企画書は?
これもガンマ使って5分
じゃあ理事録は?
クロードとノートブックLMを使って3分
じゃあ報告書は?
チャットGPTで1分
先輩高卒なのになんでそんなにAIツール詳しいんですか?
私はここの無料セミナーで
AIについていろいろ教えてもらったからね
私もAIについて何も分かんなかったんだけど
たった2時間で最新のAIの使い方から
仕事で活かせる活用術まで教えてもらえるから
簡単にAIスキルを身につけられたの
今なら10大特典ももらえるらしいから
あなたもやってみて
ご視聴ありがとうございました"
売れている動画広告台本例,"この令和の時代にAI副業してない人マジで上尺です
AIって聞くと難しそうとか自分には無理って思う人もいると思うんですけど
ぶっちゃけみんなAIを使ってどう稼げるか知らないだけなんですよね
1回稼ぎ方さえ分かっちゃえばAIが自動で働いてくれるのでかなり楽に収益化できちゃいます
自分でゼロから勉強するのは大変なので私はシフトAIセミナー使いました
動画下から何に追加するだけで完全無料で受けれて初心者でもゼロから押してくれるので
私は楽勝で収益化できるようになりました
オンライン顔出しなしOKなのでそういうのが苦手な人でも安心です
今なら受講生2万人突破を記念して参加者限定でチャットGPT対全などの
豪華重大得点もついてくるみたいなので
気になる人は下のボタンからチェックしてみたらいいんじゃないですか"
売れている動画広告台本例,この動画は一度しか流れない可能性があります ついにチャットGPTが完全体になりました Xのフォロワーは10万人 あのGMOAI&Web3株式会社のAI活用顧問で 経済産業省の会議に有識者として出席するCEOから AIで月10万円の収入源を作る方法を学べて なんと無料 無料には裏があります その裏とは AIを使って仕事をするスキル 別にAIを仕事で使ってるわけじゃないのに なんでそんなスキルを学ぶ必要があるの そう疑問を感じるあなたのために まずは今年2025年1月に起きた衝撃的なニュースをお伝えしましょう それはついにチャットGPTが完全体になったというニュースです あなたはもう動画生成AIソラを知っていますか 今までテキストや画像プログラミングのコードやレポートを作ってくれた チャットGPTを開発したオープンAI社が ついに動画を作るAIソラを開発してしまいました これもこれもこれもすべてAIが作ってくれたんです しかもたった30秒で作ってくれるから驚きです 1年前では考えれませんでしたよね 2025年2月にはソフトバンクと共同で 新しいAIクリスタルインテリジェンスを作ると発表があったり AIは温度を視化しています チャットGPTを開発したオープンAIソラの登壇によって 広告の動画素材を 自素材3万円から4万円で販売していた会社や 年間15万円以上支払うことで使えていた動画生成AI会社などは 一気に仕事を奪われるでしょうから たまったものじゃありません AIの技術ってすごいですよね AIはまだ実用的じゃない 使えるレベルじゃない もう少し先の話だと言われることもありますが 私たちのところでは AIはすでに活用されていて 常の企業では利益もあり始めているんです 例えば 大井お茶のCMには AI美女が使われていますし 将棋の藤井聡太さんは 対局前の練習に AIを使っていると言われていますし みぞこや三菱USJのメガバンクでも AIを使って業務効率化しています では 私たちのようなサラリーマンや主婦 学生 あるいは今働いていなくても このAI技術を使って 何かを始めて 収入を作ることはできないのでしょうか 家にいながら 好きな時に好きな場所で AIを使って 今の給料に 毎月プラス5万 10万 あるいはサラリーマンの月収くらいの 収入源を作れたらいいなと思いませんか もし あなたが このAIの波に乗りたい 置いていかれたくない 未経験でも何か業務にできる ジャンルを知りたいのであれば この シークレットライブセミナー AI前世時代のキャリア戦略は あなたのものです このセミナーでは まだまだブルーオーシャンな 生成AI市場で 日本人の9割以上が使っていない 生成AIを使って 収入に変えていく方法を 知ることができます AIの波はまだ始まったばかり 未経験で AI人材として 活用するなら 今しかない そう語るのは これまで 1万5千人以上へ AI人材になるための セミナーを行ってきた AIの開拓者であり 株式会社シフトAI CEOの木内翔太 10歳でプログラミングに出会い 自分でゲーム作りに没頭する中で AIの可能性を感じ 16歳からAI開発を開始 19歳から フリーランスエンジニアとして キャリアをスタート 自身もプログラミングの仕事をしながら 22歳で 日本初プログラミングスクールを開校 日本で最も多く エンジニアを廃止するスクールで成長させ 2019年に 上場企業で事業売却 現在は日本で最もAI人材を生み出し 日本をAI先進国にすると 非常に高め AIスクール 仕事AIを運営しています また あのGMOインターネットグループ会社である GMOAI&Web3株式会社の AI活用顧問として AIの使い方をレクチャーしたり 5万人の前でセミナーを登壇したり AIについて発信している Xのフォロワーは なんと10万人以上 AIの専門家であり 日本最先端の開拓者です そんな気持ちが今 AIがどんどん補給している中 どうすればAIを使って 収入を作れるのか あるいは今の仕事にどう活かせるかを 体系的にあなたへ教えるのが AI先生時代キャリア戦略 シークレットオンラインセミナーです このセミナーでは AIを使って 時給5000円以上を狙える 3つの企業 AIをマスターする前に 企業案件を取ってしまう方法 知ってるだけで 活躍できるAIツール参戦 など ゼロから始めて 初月5万円 10万円以上の収入を狙う 呼吸が たった2時間で マスターできます ではこのWebセミナー AI時代のキャリア戦略の 参加料が無料という その裏は何でしょうか AIについての Webセミナーというと 大体録画を流しているだけのケースや 社長が登壇していないケースばかりです しかしこのセミナーは違います 社長が生で登壇して セミナーを行います AIとはそもそも何なのか こういった基礎的な内容から どうすればAIを使って 収入が作れるのか あるいは今の仕事でどう活かせるのか を手のから 体系的にあなたへ教えてくれます 毎回セミナーは 最新情報をアップデートしていますから 何年を言えば 休みは多いか 無料では開催したくないセミナーです しかし今回は無料で開催します もちろん無料なのに裏はあります 実は私たちが運営している AIスクール 仕事AIに 10人中1人でも参加してくれたら いいなと思っているからです 仕事AIでは 今の仕事を辞めずに リスクを取らず 在宅でもかけても 毎月5万円 10万円以上の収入を作るための ノンファーを全て学べるコミュニティ ここに興味を持ってくれたら いいなと思っています 2つは 私たちの仲間を 作しているからです 最近は AIがどんどん進化していて 仕事もあふれかえっている状態で チャンスばかりです ですから 私たちも いい人がいれば この仕事を任せたいのにな と思っているのですが なかなか追いつきません ここで 私たちと関わってくれた人の中から いいなと思った人には 一緒に仕事をしたいと考えています これが このセミナーを 無料で招待する裏野です セミナー AI時代のキャリア戦略は 顔出しなし メールアドレスと 電話番号を 入力するだけで参加できます もちろん いきなり電話かけることはありませんし 無理な売り込みは 別相談に誘導などもありませんので 安心してご参加ください これが参加者93%の 高評価にもつながっています 評価参加者特典10選も ご用意していますので 今すぐ表示されているリンクを クリックして 視聴予約をしてください
売れている動画広告台本例,"すでに副業をしているあなた
もしあなたの時給が2000円以下なら
それ損してるかも
実は副業にも2種類あって
単価がどんどん上がりやすい仕事
単価がどんどん下がりやすい仕事があります
これあなたの努力やスキルとはほとんど関係がない
例えば副業で人気の動画編集の仕事
これ単価が下がりやすい副業の代表で
今は一本数百円の仕事も珍しくない
一本数百円なんて昔はありえないことでした
というのもAIの影響でどんどん編集の効率化が進んでいるんです
それなのに動画編集者は急増
AIの進化で効率化が進んでいるのに
編集者が増え続けているから
一本数百円という異常な安値ももはや珍しくない状態です
実際にXの声を見ても動画編集の単価は年々下がってる
ビジネス系の案件を5本納品したが時給200円
最近動画編集者と話しする機会が多いけど
ほとんどの方が時給500円以下なんだよな
こんな声が続出
なのでAIの影響で今後単価が下がる傾向にある副業をやってる人は
普通に頑張るだけだと
今後損する可能性が高い
ジム、絵を描く仕事、ライター、デザイナーも
どんどんAIで効率化が進み
単価が下がる可能性が高い
ですが一方でAIをうまく使えば
好きな時間に自宅で今の収入にプラスで
月10万から20万の収入源を作ることは十分可能です
未経験でも大学生でも主婦でもOK
いやいや私になんか無理だよと思ってる人は
ぜひ自宅から参加できるこの無料のウェブセミナーを見てほしい
ワールドビジネスサテライトやアベマTVにも出演していて
ビルコング西野さんとYouTubeで対談もしている
経済産業省のAI推進メンバーがやっている無料セミナーがすごいんです
ど素人でもAIを使って
ゼロから収入を作る方法がたった3時間でわかるんです
ゼロから始めてAIで今月から10万20万の収入を目指せる方法が3時間でわかるんです
Xでも評判がすごくてこれが無料というのが本当に信じられない
すごすぎます
有料級の内容
素人にも分かりやすく情報が詰まっていて最高
とりあえず開いた口が塞がらない
と同時に今やらなきゃやばいと焦りが出てきた
このセミナー講師は今まで1万5千人以上に対し
AI人材になるためのセミナーを行ってきたAIの専門家
小5でプログラミングに出会い
16歳からAI開発を開始
19歳からフリーランスエンジニアとしてキャリアをスタート
22歳で日本初のプログラミングスクールを開校
日本で最も多くのエンジニアを輩出するスクールへ成長
2019年に上場企業へ事業売却
現在は日本で最もAI人材を生み出し
日本をAI先進国にすることをビジョンに掲げ
AIスクール
シフトAIを運営
累計5万人を前にセミナー登壇
3000名以上のフリーランスを輩出
WindowsのCMにも出演
AIについて発信しているXのフォロワー数は11万人以上
経済産業省のAI推進メンバーでもあるんです
この無料セミナーで学べる3つのこと
時給5000円以上を目指せるAI副業参戦
AIをマスターする前に副業の仕事を獲得する裏技
ライバルをぶっちぎるAIツール活用法
こんなことが学べます
参加は完全無料だしオンラインで家から参加できるので
変な勧誘を受ける心配もなし
途中で微妙な内容だなと思ったら
パソコンやスマホを切ってもらってOK
自宅からオンラインで参加できるので
セミナーの途中でも気を使わずに退出できます
セミナー中の顔出しももちろんなし
でもなぜこんなに有益なセミナーを無料で開催するのか
これよく聞かれるそうです
それは日本のAI活用が他の先進国と比べ圧倒的に遅れを取っているから
この会社の理念は日本で最もAI人材を生み出し
日本をAI先進国にすることです
だから日本の圧倒的なAI遅れを改善すべく超濃密なセミナーを無料で提供してくれてるんです
これ本当に有料級のセミナーです
しかもセミナー参加者限定で10大得点がもらえる
無料得点1すぐに使えるチャットGPTプロンプト52選
無料得点2AI専門家6人による生成AIの未来を徹底討論動画
無料得点3AI人材としてキャリア成功をつかむAIキャリアロードマップ
無料得点4超実践的で簡単に使えるGPTs55選
無料得点5プロンプト設計徹底解説動画講義
無料得点6最前線AI時代の働き方解説動画講義
無料得点7チャットGPT完全ガイド動画講義
無料得点8AIキャリア診断
無料得点910倍以上の業務効率化も可能
最新版チャットGPT大全
無料得点10生成AIコンサルタントキャリア形成ロードマップ
これ全部無料でもらえる
セミナーが無料なだけでなくこの10個の得点も無料でもらえる
これすごすぎませんか
今すぐ動画下の青いボタンをクリックして無料セミナーを予約をしてください
セミナーは毎日開催しています
AIを使えないといけない時代はもう来ています
今AIを学んでおいて絶対に損はしません
しかも完全無料ですよ
しかも自宅から受けれるセミナーなので家でパソコンかスマホをつけてみるだけです
しかもセミナー参加者限定で10大得点も無料でもらえるんです
今すぐ動画下の青いボタンをクリックして無料セミナーの予約をしてください
AIにあなたの仕事を奪われる時代はもうすでに来ています
将来なくなるでのはなくもうどんどんなくなっているんです
実際中国ではAIの影響でイラストレーターの仕事は70%減少
報酬が10分の1にマイクロソフトはニュース記事の作成にAIを導入し多数の記者を解雇
Googleも営業にAIを導入し3万人のスタッフをクビにする予定と発表
日本でもAIによる失業は進んでいて
例えばNTTはAIで業務を効率化し数千人規模の人員を解雇する予定だと去年発表しています
あなたがいまいち実感が湧かないならなおさらこの無料セミナーに参加してみてください
今AIで実際に何が起きているのか分かりますし
AIを使って収入を作る方法が解像度高く分かります
ゼロから始めてもAIで1ヶ月目から10万20万の収入を目指せる方法が3時間で分かるんです
未経験でも本当に大丈夫です
この動画も残り10秒で終了です
AI時代の勝ち組になるか負け組になるかは今からの行動次第です
まさに今日明日からの行動次第ですよ
日本でAIを正しく学んでる人はまだ少ないので今がチャンス
たった3時間無料で家からセミナーを見るだけで他の人に差をつけられるのでぜひチェックしてみてください
今すぐ動画下のボタンをクリックして無料セミナーの予約をしてください
本当に今からの行動が大事なので明日の予約が取れるなら絶対明日のセミナーを予約することをお勧めします
セミナーは毎日開催しているのでAI時代の勝ち組になりたいなら今すぐ行動してください
たった3時間無料で家からセミナーを見るだけで他の人に差をつけられるのでぜひチェックしてみてください
しつこいですが最後にもう一言
どうせ予約を取るなら2日後3日後来週と先延ばしにせずに絶対に明日の予約を今取ってください
こういったほんのちょっとしたスピードの差で勝ち組負け組が決まるんです
スキルの差ではなくこうしたほんのちょっとした差の積み重ねで大きな差が生まれるんです
無料で自宅からスマホかパソコンで見るだけなので明日予約することを本当にお勧めしますよ
ご視聴ありがとうございました"
売れている動画広告台本例,パープを使っている人、自在遅れです。 資料1からちまちま作成する人、こんな人は今の時代損しています。 このツールを使えば、見やすくと分かりやすい仕様が一瞬で完成。 デザインも文章も全部自動で作成してくれます。 こういうAIに関する情報は、知ってるか知っていないかで、 日常、仕事、収入に大きな差がついてきます。 私がAIを学んだのは、ここの無料セミナー。 ここでは、最新のAIの勉強法、自分の仕事にAIを生かす方法、 AIを使いこなすために必要な知識の度が目につきます。 ご視聴ありがとうございました。
売れている動画広告台本例,業務効率、爆上がりする生成AI、チャットGPT、ノーションAI、ガンマ、クロード、ノートブックLMについて簡潔に教えます。 まずチャットGPT。とにかく汎用性が高くて何でもできる。普段は相談役として使ってる。 次はノーションAI。毎日のタスクを管理してくれて優先順位までつけてくれる。優秀なアシスタントを雇ってるのと同じ。 次はガンマ。スライド作成はこれ一択。必要な情報を入れれば一瞬で生きてるスライドを作ってくれる。 次はクロード。文章を書くときはこれ。人間らしい自然な文章を書いてくれる。 ちなみにコードも書けるからエンジニアにもおすすめ。 最後はノートブックLM。分析、情報収集、資料やデータの整理と幅広く活躍してくれる。しかも無料なのが熱い。 こういうAIに関する最新の情報は知ってるか知らないかで大きく差がつきます。 このセミナーならたった2時間で最新のAI勉強方法や仕事で活かせる活用術まで教えてもらえるから誰でも簡単にAIスキルを身につけられる。 業務効率は爆上がりするし副業で収入を上げることもできる。 今ならすぐに使える豪華特典も無料でついてくるので詳細からセミナー予約してみてください。 バイバイ。
売れている動画広告台本例,"なんとこの映像AIで作れるんです
まずはチャットGP機で作りたい映像のプロンプトを作成
クリングAIにコピペしてクリエイトボタンを押すだけ
すると一瞬で臨場感のある映像が作れるんです
その他にも漫画制作、アニメ動画制作、音楽制作だって
AIで簡単に作れるんです
AIスキル学ぶならこの無料AIセミナーがおすすめ
今申し込めばAIを使いこなせる重大特典ももらえる
今すぐチェックしてみて"
売れている動画広告台本例,自分だけの天才チャットGPTを作り上げる方法 チャットGPTって普通に使ってると それっぽいけど薄い回答しか答えてくれないよね でもこれってチャットGPTが悪いんじゃなくて 育て方を知らないだけ 例えばSNS運用の仕事をやってる人に向けて 自分の過去投稿から口調や言い回しを学ばせて 代わりに文章を作るGPTとか 営業の人に向けて提案資料を自動で売ってるGPTとか 作ってますけど正直これだけで めちゃめちゃ時間&効率化できてます しかも営業やプログラミングは一切切らない チャットGPTに何を学ばせて どう普通するかを知ってるだけ でもなんでこんなことを知ってるかって それは僕がシフトAIの無料セミナーに参加したから よくあるこうすれば稼げます的な話ではなく AIを自分のビジネスに落とし込む方法が具体的に学べる チャットGPTを触っただけで終わる人と 使いこなして武器にする人って マジで収入の自由度も変わります もしあなたが今チャットGPTうまく使えないなとか 得意を生かさないかなって思ってるなら シフトAI絶対に見た方がいいです しかも実は今無料で公開されていて これがいつ終了してしまうか分からないから 気になってる人は今すぐここからLINE登録してみて しかも今ならLINE登録だけで AIで稼ぐロードマップを無料でもらえるよ
売れている動画広告台本例,40代主婦がゼロからAI副業を始めた結果 始める前 AI副業流行ってるのは知ってたけど 難しそうだし 私には縁のないものだと思ってた そもそもAI使って稼げるの? AI副業って何? そんな時あれに出会ってから一気にAI副業が分かった 少しでも気になってる人は絶対に最後まで見て AI始めて1週間 火事の合間に触ってたらなんと初案件ゲット 始めて3週間 空いた時間で本格的にツール学んでたら案件増えてきた 始めて1ヶ月 いろんなツールを使いこなせるようになって業務効率上がってきた 始めて3ヶ月 火事の合間だけで本業並みの収入 結論始めてよかった AI超初心者で触ったこともなかったのに ここの無料セミナーに参加したことで 最新のAI情報やAIを仕事に活かす方法 仕事の取り方までを身につけることができた 今の収入に難味がある人 副業を始めてみたい人は ここから無料セミナーだけでも予約してみて
売れている動画広告台本例,いつから収益化できた? 半年後からです 私は1ヶ月目から結構稼げるようになりましたね どのくらい稼げてる? 月5万円くらいです 私は毎月30万くらいを稼げてます 1つの仕事にどれくらいかかる? 結構早いんで3時間くらいで終わります 私は30分くらいで終わります え、ずるくない? ずるくないよ AIって使い方を知ってるか知らないかだけだし 始めたもん勝ちだよ え、でも難しそうじゃん みんなそういう風に言ってやらないんだよね え、じゃあやり方教えてよ それならシフトAIのセミナー受けてみたら? AIの使い方から実際に仕事を取るところまで 実演しながら教えてくれるよ え、本当に? でも高いんじゃないの? それが無料で受けられるんだよ LINE登録して日程確保するだけで受けられるよ オンラインで受けられるし 仕事終わりにでも受けてみなよ わかった、やってみる
